city_name,country,population_density,avg_income,internet_penetration,avg_rent,air_quality_index,public_transport_score,happiness_score,green_space_ratio,cluster,pca_x,pca_y
Old Vista,Europe,2775,3850,86.4,1310,43,52.0,8.5,23.8,0,1.7431920250979875,0.07125071541154014
Beachport,Europe,3861,3700,78.1,1330,42,62.8,8.1,33.1,0,1.6414933370304274,-0.014981009182346738
Valleyborough,Europe,2562,4310,80.1,1330,39,73.2,8.5,40.2,0,2.411045702897336,-0.3202040157395598
City,Europe,3192,3970,81.2,1480,60,49.2,8.5,43.6,0,1.7481504107032886,-0.7585282211503742
Falls,Europe,3496,4320,100.0,1510,64,93.7,8.5,42.5,0,3.0787073185338825,0.9717137706372516
North Falls,Europe,1444,4640,78.5,1620,35,51.6,8.4,20.3,0,2.2623857267622456,-0.017074917374511275
Hillhaven,Europe,1233,3450,84.2,1080,55,47.5,8.5,50.0,0,1.4579388487036726,-1.7606288540680204
Gardenton,Europe,936,3610,72.4,1520,47,59.5,7.9,35.6,0,1.676221489342182,-0.7465896487547269
Springsville,Europe,2938,5220,100.0,1950,53,60.0,8.5,34.8,0,3.3301479995264938,0.3836878513322775
North Ridge,Europe,3513,3330,88.7,1040,76,60.1,7.7,31.7,1,0.8789060205970142,0.42094757904551333
Ridgeshire,Europe,3842,3170,70.6,1060,65,56.9,7.1,41.6,1,0.4134697461078913,-0.49855776421889575
Forestville,Europe,4298,3230,78.9,1380,59,63.1,8.5,31.3,0,1.3794886331244716,0.376196123575804
Garden,Europe,4819,3310,76.4,1340,68,55.1,7.6,35.7,1,0.8195379176275271,0.14677374866953863
Bridge,Europe,3577,2660,70.1,980,79,43.1,5.8,32.2,1,-0.7439673415354938,-0.2594671429375403
Port Bridge,Europe,2948,4040,69.8,1020,63,81.0,8.5,34.4,0,1.5031285652253348,0.41624582498452106
Stone,Europe,2402,3500,64.7,1580,45,95.0,8.5,23.7,0,2.120396482413694,1.086604501301148
Riverburg,Europe,4135,2900,74.5,950,68,83.2,8.3,23.2,1,0.8437518300707807,1.3005804849896885
Gardenburg,Europe,2443,2710,72.6,950,62,52.6,7.3,41.0,1,0.2746069201808222,-0.9806756088291219
Pointborough,Europe,4630,2220,74.8,870,59,63.0,7.4,43.8,1,0.21931629624963792,-0.5174481035984626
Parkland,Europe,813,2160,85.1,890,47,47.2,7.3,39.5,1,0.4875262414416087,-1.5387961447608018
Cityport,Europe,1567,2770,79.0,1140,63,57.3,7.5,31.4,1,0.7080000973242806,-0.3461306075364021
Cityhaven,Europe,2266,3500,88.7,1270,64,52.3,8.4,44.2,0,1.5851234768140585,-0.8536522915793099
San Wood,Europe,2256,4150,100.0,1660,53,62.3,8.5,34.5,0,2.724129810247662,0.11987375795877546
Harborshire,Europe,2714,1850,54.4,760,56,46.0,6.1,37.2,1,-1.0986249103088002,-1.3044991330117117
East Valley,Europe,455,4490,100.0,1930,35,80.7,8.5,41.9,0,3.867583645234993,-0.24268011013635366
Valleyburg,Europe,3312,2690,88.8,1000,68,41.6,7.6,38.7,1,0.43340869400780396,-0.7423487623369787
Point,Europe,3442,4300,87.5,1450,50,87.4,8.5,40.4,0,2.7627533583025348,0.5297359494901761
Woodshire,Europe,4495,2350,75.0,740,77,77.1,7.1,38.0,1,0.02851349044500861,0.4439688819403477
New Wood,Europe,3755,3560,79.2,1380,49,52.6,8.5,53.8,0,1.7314341031818772,-1.374675057712263
Port Beach,Europe,1733,4340,99.7,1590,44,60.3,8.5,23.7,0,2.715221026685435,0.42008698166669317
Fallshaven,Europe,3914,3710,61.6,970,72,58.5,7.6,35.8,1,0.32172284380608884,-0.09936414133569318
Vistaland,Europe,3109,3070,88.5,1300,46,50.6,8.5,36.6,0,1.545231429749818,-0.6381446544928172
San Vista,Europe,1513,4000,100.0,1410,48,50.6,8.5,35.4,0,2.3343717968365105,-0.5798859162195609
Bayport,Europe,3434,2930,70.3,1250,65,40.8,7.3,33.3,1,0.19804036940958442,-0.5747912688105842
Field,Europe,2074,3980,87.7,1400,58,68.7,8.5,49.2,0,2.3351720620024823,-0.6953992926830976
North Harbor,Europe,5666,3820,94.1,1410,75,62.9,8.0,31.3,0,1.5649038304776415,1.1399215883397265
Forestshire,Europe,4698,3010,81.8,1000,89,65.4,7.2,26.3,1,0.21268160912345097,1.1893144003471139
Springs,Europe,1885,2890,75.5,990,62,49.7,7.9,41.6,1,0.6033369123951184,-1.168013151773097
Mount City,Europe,3696,3000,66.1,1130,82,49.3,7.3,32.0,1,-0.09086293963097843,-0.027939719171957818
River,Europe,1930,3880,100.0,1420,68,53.7,8.5,37.3,0,2.0896979544963186,-0.2300813164159624
Port Springs,Europe,4643,3410,82.4,1120,63,53.4,8.0,41.1,1,1.0025970946147762,-0.3133565066855165
Hill,Europe,3605,2880,90.1,1290,55,55.9,8.5,38.1,0,1.467105147692311,-0.346222959958544
New Park,Europe,3079,3880,100.0,1230,53,57.0,8.5,40.8,0,2.1309498906742355,-0.3823926532900069
Lake Town,Europe,2294,3910,84.8,1660,45,72.3,8.5,52.1,0,2.7436238751348947,-0.8618958756663458
Wood,Europe,3984,3120,86.2,1100,60,63.9,8.5,44.1,0,1.4023734991910268,-0.36642272283887223
Townland,Europe,3182,2200,83.6,680,59,66.4,7.2,36.9,1,0.255774090738927,-0.2724431411980111
Town,Europe,3259,4080,91.1,1720,72,77.4,8.5,41.4,0,2.5821235557132467,0.5661848614952885
Woodland,Europe,1914,3610,65.8,1420,45,59.9,7.9,39.4,0,1.4379645863617478,-0.8864563575681803
Pointland,Europe,3759,4330,96.5,1570,48,53.4,8.5,35.5,0,2.4478052595825797,-0.021143185713997557
San Harbor,Europe,3765,3680,97.0,1310,44,58.7,8.5,27.8,0,2.0256710989940445,0.3478102912071544
Saint Falls,Europe,2731,2880,75.6,1170,50,50.8,6.8,26.2,1,0.4310371107187623,-0.19944146291216935
Fieldton,Europe,2400,4250,79.0,2000,55,61.1,7.7,30.0,0,2.26165745072501,0.3099420767215345
New Hill,Europe,1138,3440,84.0,1020,55,62.8,8.0,45.9,0,1.489941154091214,-1.1066326364887384
Port Stone,Europe,4397,2510,87.0,780,57,52.8,6.9,49.7,1,0.31795598584277945,-1.0482148996304748
West Stone,Europe,3759,3620,83.6,1430,73,60.7,7.2,27.5,0,1.0951881015493266,0.7908614811610919
Woodport,Europe,2343,3940,89.5,1320,49,62.8,8.5,36.9,0,2.1464037628535477,-0.28119745055854917
Harborport,Europe,3319,2630,59.0,790,75,46.1,6.3,43.3,1,-0.8248174036511914,-1.0954824654300221
South Forest,Europe,3318,2960,98.5,1260,72,46.7,7.4,38.5,0,1.0015810190414522,-0.29732907164051114
Mount Valley,Europe,4600,2270,82.1,690,65,52.8,7.5,42.4,1,-0.008641061684617488,-0.6270633371439116
Bridgedale,Europe,3003,4020,91.3,1410,46,69.2,8.5,41.2,0,2.4689700648985107,-0.1918248161093843
Pointshire,Asia,3560,2990,89.1,1100,76,61.2,6.2,40.0,1,0.5136164364366282,0.05639173218802937
Forestdale,Asia,14427,1840,58.7,520,108,87.0,3.7,9.6,2,-2.8299447030485183,4.517740858131602
Woodburg,Asia,7332,1510,70.8,530,140,44.0,4.2,36.8,2,-2.9887694526931914,0.946897288840888
North City,Asia,13460,2770,70.7,720,130,57.4,3.7,11.2,2,-2.741923747068261,4.009298235491775
Riverford,Asia,9323,3170,65.7,1070,143,61.8,4.1,21.7,2,-1.9917695744592814,3.033222322342879
Gardenborough,Asia,5488,2260,76.0,1010,81,44.4,5.4,36.4,1,-0.9047979605687076,-0.010375431358307059
San Point,Asia,4256,2690,71.4,1040,99,50.8,5.6,33.2,1,-0.8500808485713777,0.3806908563898024
Saint Forest,Asia,8776,1700,85.8,600,87,48.9,5.5,21.6,2,-1.6050916207174781,1.569616542108085
Bay,Asia,7680,2510,72.2,830,107,51.2,5.6,32.5,2,-1.410305241495095,1.1340962519955669
Mount Ridge,Asia,7641,3500,72.4,1490,57,69.6,7.6,21.2,0,1.0183085242534717,1.7717293407050727
Old Wood,Asia,6448,640,53.4,220,57,44.1,4.6,20.9,3,-2.961940106267363,0.022297427249336612
Old Springs,Asia,1954,2270,75.6,960,77,38.9,6.3,44.1,1,-0.46399544710231755,-1.3941257020296012
Ridgeford,Asia,4838,2430,75.6,990,79,53.8,6.6,35.1,1,-0.3200097169482919,0.13457729651365502
Stoneland,Asia,10125,2430,66.6,920,79,61.1,5.3,11.0,2,-1.4077107448742958,2.632065305648799
Forest,Asia,5813,2480,78.4,950,85,38.3,4.9,22.5,1,-1.2930487368911732,0.7553996387893525
Springsdale,Asia,4983,2650,78.2,1050,74,55.6,7.1,47.5,1,0.2456712884007887,-0.49015461697328166
Lake Bay,Asia,8179,2970,72.9,1050,101,59.9,5.6,22.4,2,-0.9124349292251642,2.0787672978069347
Pointdale,Asia,11483,3760,91.4,1450,78,92.7,7.4,26.2,2,1.446718055561405,3.4572668806040805
Park,Asia,3764,1090,52.7,330,102,34.3,4.7,44.0,3,-3.0255849897433627,-1.3115057369989085
South Garden,Asia,4796,2540,85.4,880,61,52.1,5.8,25.4,1,-0.2692953795486094,0.4689903669328302
Parkville,Asia,8162,2670,78.2,960,133,49.6,4.6,19.2,2,-1.8972556685415924,2.464476640121078
Fallsborough,Asia,5673,2680,48.4,1110,91,70.9,5.7,29.2,1,-0.9723133886650159,1.1043753611787377
Pointhaven,Asia,11278,2130,83.4,740,70,49.4,6.1,19.0,2,-1.146374482257751,1.998927909411174
Port Field,Asia,9819,2680,67.3,1160,120,54.7,5.1,23.9,2,-1.6097482919756834,2.4013164004693204
Lake Hill,Asia,11559,1690,69.6,590,140,62.1,2.5,2.0,2,-3.6654503228596904,4.30621801352458
Mount Hill,Asia,10836,2130,71.0,840,112,57.9,4.6,20.9,2,-2.107101721451003,2.6393293644618403
Beach,Asia,12146,1900,64.6,730,140,75.7,3.5,24.8,2,-2.836279341445885,3.5290925786989114
Mount Field,Asia,8743,3020,76.1,1130,111,85.1,5.6,13.5,2,-0.5473621006616897,3.622429506258685
Harbor,Asia,9710,2680,73.1,900,129,86.0,4.8,20.1,2,-1.3938711304153024,3.632607134669888
Old Garden,Asia,3724,2630,80.6,660,103,53.2,5.9,22.7,1,-1.0294677397933512,0.9500397916143296
Vista,Asia,9488,2350,56.7,890,104,57.2,5.5,29.1,2,-1.809558635345562,1.6338201215007677
Townton,Asia,12579,3130,75.5,900,98,71.7,5.8,17.1,2,-0.9478493851276503,3.5122504443897284
Mount Beach,Asia,10667,3110,72.2,860,102,57.3,6.3,21.8,2,-1.0819482629193993,2.4513810721381772
San Bay,Asia,8339,2730,80.8,1040,131,67.5,5.6,21.0,2,-1.102600152894826,2.9047184063482576
Port Harbor,Asia,2574,2400,76.8,1020,103,52.1,5.5,33.1,1,-0.8068350356026768,0.1810909772999037
Stoneton,Asia,13345,2720,86.1,950,124,65.7,4.8,6.1,2,-1.6880282432677522,4.600700836877404
Parkshire,Asia,8782,3380,71.2,1200,88,74.4,6.8,17.4,2,0.016477431439313857,2.7204562131364005
Pointford,Asia,10164,1880,70.5,630,142,50.8,4.3,25.3,2,-2.929963157433491,2.4192908730914513
Parkhaven,Asia,11310,3730,100.0,1410,115,81.2,5.7,14.8,2,0.33165324130517293,4.418025022335592
Port Falls,Asia,8925,1810,69.3,640,93,66.9,5.0,31.9,2,-1.7084796604503751,1.5126345408014836
West Park,Asia,4806,2480,76.8,860,87,56.3,5.1,24.9,1,-0.9795502491590613,0.9290538581094717
Hilldale,Asia,138,2030,51.5,740,69,42.3,5.3,36.1,3,-1.4344864478959651,-1.6363330860383867
Valleyford,Asia,2505,3000,60.1,1120,76,63.7,7.0,45.8,1,0.23233033137202222,-0.7401156944054985
Stoneshire,Asia,8072,2290,74.8,550,100,58.7,5.3,27.9,2,-1.6317566808107915,1.5097891369734746
Bridgeburg,Asia,3845,2000,67.6,690,81,36.9,5.7,39.3,1,-1.437037428205144,-0.9376085364255029
Mount Falls,Asia,100,2330,54.6,980,63,43.8,6.6,46.1,1,-0.4403367015564557,-2.1561069954934
New River,Asia,7814,2050,79.9,640,62,71.3,7.2,31.3,1,-0.21590262049841402,1.0455995171534724
Beachford,Asia,10378,2650,68.5,790,77,74.0,6.6,34.5,2,-0.5469370585919561,1.684558144431478
Fallsville,Asia,9421,2340,61.7,910,106,73.7,5.4,19.3,2,-1.5340668622602471,2.7330950933840494
West Bay,Asia,1637,2120,66.2,760,83,35.4,5.1,24.4,3,-1.6074945412220862,-0.5117086027159691
Bayford,Asia,7379,2150,70.6,450,68,68.6,6.2,35.6,1,-0.9137364308403328,0.6350798613718761
Gardenford,Asia,10624,2520,78.1,830,83,74.4,5.9,30.4,2,-0.650105080562242,2.1909404771123717
Woodhaven,Asia,13612,2660,83.5,1090,126,74.7,4.1,12.2,2,-1.6433007078945678,4.646864486260943
Port Wood,Asia,6641,2320,93.4,920,102,71.8,6.3,37.4,1,-0.14286221582497652,1.393811303535237
Cityville,Asia,6135,2230,69.7,820,82,53.3,6.5,40.0,1,-0.8005329489984429,0.01065934126338739
Springsborough,Asia,5628,2300,76.3,800,84,52.2,6.1,32.6,1,-0.8418645917152628,0.40995231922950587
Old River,Asia,3000,2790,71.4,1080,48,49.4,7.2,38.7,1,0.44098738783112956,-1.006554189516022
Bayshire,Asia,7320,1090,74.7,400,71,50.1,6.5,34.6,1,-1.561136107148401,0.07257409956293806
Saint Field,Asia,4611,2130,69.9,770,91,29.2,4.8,32.4,3,-1.8928459087363343,-0.3811533687035154
Stonedale,Asia,4360,2510,72.5,920,83,42.0,5.4,29.2,1,-1.0624025499230436,0.09215308187556265
Beachland,Asia,10511,1950,77.0,580,146,77.2,4.5,30.3,2,-2.2840172699492287,3.0944437214685374
Forestborough,Asia,6779,2730,71.0,740,56,65.8,7.5,25.0,1,-0.02148725549744809,0.9440433303289764
Rivershire,Asia,6949,2860,70.3,1090,75,70.1,6.5,19.7,2,-0.16409950599901124,1.8318308522335454
Pointport,Asia,5326,2280,49.5,640,80,48.3,5.1,31.3,3,-1.9361300934553511,-0.04669285772209096
Fallsburg,Asia,9118,2580,82.2,890,90,55.9,6.6,44.3,1,-0.4611069462088733,0.7391401699228489
Gardenport,Asia,8955,1730,58.2,620,78,56.6,4.9,28.4,2,-2.081579338360797,1.0572114377354207
Ridgedale,Asia,6161,3330,81.8,1260,101,75.7,6.6,44.4,1,0.5601382243977027,1.0978858970264456
East City,Asia,1595,2160,62.3,540,81,45.7,5.0,20.7,3,-1.7527881102795606,-0.14505323117523275
San Field,Asia,6896,2890,69.7,920,119,55.9,4.7,20.4,2,-1.6448928938537668,2.0481092028975936
Valleyport,Asia,8790,2980,73.1,950,109,47.8,5.8,25.2,2,-1.2733065465508615,1.7730530913202684
Lake Ridge,Asia,4149,3070,73.0,980,67,73.4,7.3,34.3,1,0.5835038436632639,0.45262112907053076
Port Park,Asia,11085,2650,72.8,870,46,66.1,7.3,28.4,1,-0.020699003881457966,1.5076207473583463
Lake Valley,Asia,7014,2800,69.1,830,102,71.6,6.1,30.2,2,-0.7909805562041365,1.6299829306331808
Parkton,Asia,11651,3240,78.3,900,115,62.4,5.7,29.6,2,-1.0636477000356057,2.6749839562978095
San River,Asia,8916,1880,81.4,750,112,39.7,4.1,29.4,2,-2.2968990847578468,1.3518706809341678
Bridgeborough,Asia,8794,2900,87.2,1130,103,70.0,7.0,38.0,2,0.15623220130865462,1.7712782146370685
Harborford,Asia,8047,2940,72.6,1010,105,80.9,6.2,24.0,2,-0.4536379850793531,2.5891483260174546
Forestburg,Asia,5660,2980,68.8,1200,99,54.0,5.8,28.7,1,-0.6683095404596253,1.0370707044448508
Port Bay,Asia,8137,1600,54.7,530,57,49.8,5.8,21.5,1,-1.9296858708270797,0.6484583965745443
Harborborough,Asia,8281,3100,72.5,960,78,56.2,6.2,24.7,2,-0.5425458881378036,1.48203233576292
Bridgeville,North America,2049,4890,92.7,1880,59,51.9,8.5,36.0,0,2.8046998399700866,-0.14167342177204165
Vistaville,North America,4110,4370,100.0,1300,55,95.0,8.5,20.8,0,2.7611609661278256,2.130904521650068
Port Valley,North America,1527,4120,84.9,1680,62,53.4,7.4,21.2,0,1.6877939594263134,0.47132171104362275
Lake Park,North America,3465,4480,73.0,1570,67,61.8,8.5,40.8,0,1.9197259584271495,-0.08336032283575424
Woodborough,North America,3287,4410,76.1,1780,52,60.7,8.5,32.2,0,2.2629780776901436,0.18954928982701796
Lake Wood,North America,2113,1460,69.4,480,70,37.2,5.8,35.8,3,-1.5599853653099063,-1.3458247182377034
New Field,North America,3837,3230,91.9,1040,107,54.2,7.2,35.3,1,0.290160573302827,0.6171740567333714
Beachshire,North America,2275,3710,98.4,1350,36,67.8,8.2,26.3,0,2.3670049210904165,0.3341890944477841
New Springs,North America,1984,4700,99.1,1730,56,46.3,8.1,35.1,0,2.5637551536009635,-0.29120172351623763
Fieldville,North America,1752,2750,77.1,1040,62,52.3,7.6,41.6,1,0.6094038162557963,-1.0886759923426956
Cityshire,North America,3975,4250,83.5,1290,79,65.7,8.4,33.6,0,1.590918014754351,0.709403808711955
Lake Vista,North America,1785,4260,79.9,1590,52,71.1,8.5,36.5,0,2.4371848884968426,-0.06703564629035952
San Falls,North America,1369,4940,100.0,1500,54,90.9,8.5,34.3,0,3.419903610458751,0.8545377424103586
East Town,North America,1507,4420,99.4,1340,56,71.6,8.5,45.2,0,2.792124234347767,-0.36692341165096765
Lake Falls,North America,628,3910,89.6,1200,57,67.0,8.5,50.2,0,2.240214870606741,-1.1409328989730183
Riverborough,North America,1648,4600,88.7,1440,72,55.1,7.9,29.3,0,1.8472515687232296,0.25161392228067303
Stonehaven,North America,1269,4440,100.0,1630,68,62.6,8.4,30.2,0,2.5985415810515446,0.4262363982138662
Fallston,North America,2645,5110,100.0,2080,59,50.9,8.5,35.3,0,3.1952332336083824,0.1487542418224954
East Bridge,North America,3461,5220,95.7,1480,34,66.6,8.5,38.6,0,3.1494974537799445,0.0006252638748558147
San Park,North America,2816,4590,70.5,1340,50,67.7,8.5,25.4,0,1.8766869791757639,0.475778991081186
Springsford,North America,1718,4590,72.3,1420,44,63.0,8.5,46.5,0,2.287189958712654,-1.077074228006806
Saint City,North America,3193,3630,68.5,1490,65,74.1,8.5,45.3,0,1.7261910944648682,-0.2302600024594937
Forestport,North America,1299,2430,83.1,870,84,34.5,6.9,34.1,1,-0.386794815673071,-0.9490996856697027
North Wood,North America,2314,5070,100.0,1850,66,82.8,8.5,31.2,0,3.4151708540904426,1.268468892819676
Lake River,North America,2262,3600,78.2,1470,64,83.7,8.5,43.1,0,2.145187744600531,0.07213203237252751
Fieldburg,North America,2085,4820,96.9,2080,60,44.1,8.5,29.8,0,2.8490106726350577,0.09071412654713897
Ridge,North America,918,4310,100.0,1550,47,59.4,8.5,50.9,0,2.9633316694995546,-1.2257139797852816
Old Forest,North America,1379,4220,100.0,1270,54,72.1,8.5,45.2,0,2.7059518362844788,-0.4450154428772444
San Town,North America,4344,3740,89.4,1540,96,55.9,7.3,36.8,0,1.0942473345257964,0.698496178135096
Valleyshire,North America,3412,3180,80.6,1010,71,55.4,7.5,47.4,1,0.7025148359520728,-0.7780631690030344
Fieldhaven,North America,3004,5000,100.0,1280,66,43.5,8.5,40.4,0,2.1900069578086936,-0.425986441916065
South Vista,North America,3513,3720,100.0,1370,73,61.9,6.9,24.3,0,1.3869704379911194,1.1415663485469398
Hillport,North America,3527,4700,100.0,1730,68,87.7,8.5,23.0,0,3.0595553447829746,2.044765393064096
West Wood,North America,4527,2930,65.2,930,77,62.0,6.8,32.4,1,-0.22106857105759814,0.3515237797943173
Harborville,North America,3260,3750,99.9,1580,77,71.2,8.2,39.2,0,2.2497407286346696,0.6090708172418446
Townburg,North America,3126,3750,85.6,1470,56,39.7,8.5,45.1,0,1.6624745939725953,-1.1705743735034826
Forestton,North America,1983,4190,100.0,1760,60,95.0,8.5,32.9,0,3.3317725143390113,1.2447355608584045
San Bridge,North America,2034,4340,83.7,1840,68,62.2,8.5,43.3,0,2.4911915138708296,-0.28986892003468506
Gardenland,North America,1388,5080,92.8,1670,54,47.4,8.5,52.9,0,2.884318311536735,-1.4409681295252625
Vistahaven,North America,3037,4450,80.7,1840,42,73.8,8.5,30.0,0,2.8033390579039406,0.5690085100159278
Saint Ridge,North America,2906,4430,88.3,1240,55,56.2,8.5,26.0,0,1.8755310557910263,0.3448528291824421
Valleyton,North America,2165,3370,68.5,1160,59,69.8,8.5,33.7,0,1.2437821548331494,-0.13480045364122614
Forestland,North America,3111,4460,100.0,1290,44,82.4,8.5,30.5,0,2.8677967381263354,0.8841023081640125
Lake Springs,North America,2143,4620,100.0,1340,58,47.3,8.5,45.1,0,2.3798361661828484,-0.8857531184039068
Woodton,North America,1967,3100,79.0,1270,67,44.1,7.9,39.0,1,0.8381035036894838,-0.9515046468676626
Cityborough,North America,2011,4070,87.3,1630,57,51.3,7.6,30.1,0,1.8291831757522787,-0.06295824290311702
Fallsdale,North America,2486,4870,88.1,1330,52,89.3,8.5,36.1,0,2.894242655162531,0.7058559281334912
Valley,North America,769,5530,100.0,2350,34,63.6,8.5,33.2,0,4.2580712745360785,0.034134874311203794
Townville,North America,1763,5720,100.0,2430,55,85.6,8.5,22.2,0,4.349700331384013,1.8271430837889004
Stoneburg,North America,3830,3290,68.0,1160,63,50.7,7.1,39.1,1,0.3810196478396442,-0.5576478569335868
Saint Point,South America,4566,1640,66.8,660,87,38.1,5.1,29.5,3,-1.992973460724144,-0.17015088005059215
Woodville,South America,7564,1100,49.7,350,98,43.3,4.2,30.8,3,-3.3681563248726003,0.34746189281186013
West Ridge,South America,3779,2500,63.9,880,38,49.0,6.6,34.4,1,-0.176984649676369,-0.9281300683142731
Lake Garden,South America,2131,1650,55.3,570,74,40.3,4.7,20.6,3,-2.205610430353296,-0.4119169763245407
Bridgehaven,South America,1137,2460,64.1,960,59,54.7,6.7,40.3,1,-0.03208722473047138,-1.2699778891839946
Vistadale,South America,6089,1980,63.9,710,97,47.1,5.0,32.7,1,-1.9371823663906296,0.3862817202006576
North Valley,South America,2816,1460,66.3,540,92,53.4,6.3,34.6,1,-1.4891748223361148,-0.38729191143929786
East Park,South America,4621,1790,71.3,580,86,60.4,5.7,43.0,1,-1.1819783491531315,-0.25100068014220983
Gardenville,South America,3088,1830,64.0,620,79,38.4,5.2,35.1,3,-1.7406659030064147,-0.8965596288590478
Port Garden,South America,3458,1490,63.5,350,55,38.3,5.7,43.7,3,-1.6214266833298765,-1.8045071623304156
West Springs,South America,6758,2240,66.6,1010,104,48.6,4.5,16.2,2,-1.9062311609713596,1.7421492333596882
Citydale,South America,2635,1590,50.0,790,66,35.0,5.5,35.2,3,-1.7838313947856284,-1.4255015737453052
Wooddale,South America,4679,1350,61.9,450,60,38.8,6.0,28.6,3,-1.82760404277494,-0.6694210012652774
North Park,South America,4308,1600,66.8,570,84,46.2,5.9,36.7,1,-1.5961666449095413,-0.49249331039123434
Vistaburg,South America,5078,2040,64.9,670,86,49.1,4.9,25.6,1,-1.7949202639779254,0.488045239547112
Riverport,South America,2029,2130,82.1,730,66,51.5,6.8,30.0,1,-0.234649886195955,-0.4378999486762509
West Garden,South America,2633,1760,76.7,520,55,45.9,6.0,28.7,1,-0.9344056829521281,-0.7046110291060551
Stoneford,South America,2930,1570,54.3,650,77,52.1,4.7,22.5,3,-2.035925606105418,0.028867210980154143
East River,South America,4848,2390,55.9,990,67,68.4,5.8,24.0,1,-0.7304525322614224,0.8107573112946656
Fieldland,South America,3076,2110,53.2,600,62,42.3,5.7,25.3,3,-1.5905325295398778,-0.6110765213365502
Mount Point,South America,3877,2140,64.5,490,68,49.0,6.6,42.8,1,-0.9808524890408364,-1.0813525631798917
Cityton,South America,5703,1520,68.0,430,84,65.2,5.8,43.0,1,-1.4325608261311622,-0.04996193699535904
Mount Springs,South America,548,1760,65.4,470,45,36.9,7.1,32.9,1,-0.8130037005588954,-1.9364584978251302
Hillshire,South America,4662,1850,67.5,760,80,50.8,5.2,32.0,1,-1.4311826409229453,0.03565458797358666
Ridgeborough,South America,2995,1850,58.3,690,59,54.5,6.9,45.9,1,-0.6604902626982646,-1.4516144468789782
Parkford,South America,4630,1990,69.4,750,111,63.6,5.9,28.0,1,-1.3658052128902893,1.0814536781408022
Beachville,South America,3528,2250,64.8,860,75,59.3,5.5,25.4,1,-0.952364098235708,0.3877476076590005
Old Point,South America,6084,2470,66.2,860,89,61.9,5.8,17.5,2,-1.1274227661376706,1.6253067976343707
Harborton,South America,2777,1640,55.5,560,84,51.3,5.2,36.8,3,-1.8703141460527735,-0.7345879440842307
Valleyland,South America,5451,1910,63.1,600,69,56.5,5.4,28.6,1,-1.4519253222047397,0.2805975533156388
Gardendale,South America,4343,1550,50.0,630,70,47.4,6.0,36.6,3,-1.7314714731877008,-0.8283833985369283
Saint Town,South America,5061,2110,61.3,620,99,50.0,4.8,34.2,3,-1.9888338495156344,0.1890016831198784
Springshaven,South America,3500,1340,59.7,530,55,44.9,6.1,42.0,3,-1.3875232651603477,-1.5353779515303954
Stoneport,South America,5740,1870,62.4,820,68,63.2,5.7,27.3,1,-1.0863871756620724,0.6273171780426892
Saint Stone,South America,7147,1910,65.1,770,84,70.5,5.5,36.2,1,-1.173345964578426,0.8870926960744829
San Ridge,South America,3377,1550,59.2,480,63,35.4,5.7,40.8,3,-1.7596042587437142,-1.6283055576139507
Old Valley,South America,5263,1410,65.7,550,87,46.4,5.1,35.0,3,-2.0444870693110127,-0.16877521077068175
Mount River,South America,1158,1770,56.4,630,59,47.2,5.5,37.8,3,-1.2900246662622439,-1.5574889974603825
New Town,South America,3507,1600,49.5,570,91,40.3,4.2,21.0,3,-2.8001563381034136,0.03596470863525168
Mount Town,South America,3921,1690,61.1,480,106,42.4,4.8,28.5,3,-2.510367469200283,0.06952005341154814
Port Town,Africa,2258,960,43.6,350,96,40.1,3.8,35.0,3,-3.347429665393271,-1.0952608222659537
Valleyville,Africa,2685,780,34.0,200,92,42.2,3.3,32.2,3,-3.8942816835010587,-1.0053291924269534
Old Bay,Africa,2072,480,45.9,170,100,33.2,2.5,17.5,3,-4.361915469584712,-0.3381298951164387
Springsburg,Africa,861,1230,37.0,340,70,30.7,4.2,31.1,3,-3.0931885009905695,-1.8687483060197583
Beachhaven,Africa,2223,910,42.1,380,63,39.2,4.8,51.2,3,-2.504771234886589,-2.5644844133033744
West Harbor,Africa,856,830,46.3,240,53,15.0,3.7,41.1,3,-3.206426992922656,-3.0800763453758475
Springsshire,Africa,1567,840,44.7,280,74,32.4,4.1,31.4,3,-3.2016049013433507,-1.6165893596350918
North Springs,Africa,1668,700,45.5,290,88,42.3,4.0,40.8,3,-3.160637030922084,-1.6194252550488437
New Vista,Africa,2656,920,47.5,380,106,46.8,3.4,23.1,3,-3.5137470853101846,0.043025714701751816
Stoneborough,Africa,2716,600,44.8,210,95,28.7,4.1,36.7,3,-3.7082635277044704,-1.5326945658399718
North River,Africa,3701,670,36.2,240,130,31.1,2.6,40.3,3,-4.703796645004173,-0.9618775235168455
Bayville,Africa,1845,790,47.5,280,62,27.3,4.6,42.3,3,-2.8483458507210164,-2.4856097798761243
West City,Africa,1418,980,52.6,390,65,36.0,5.6,38.2,3,-2.175052064643565,-1.979867446699253
East Wood,Africa,2961,560,45.7,190,96,30.1,2.9,36.8,3,-4.052334784448549,-1.381048829497475
Parkburg,Africa,3088,970,45.2,370,70,42.2,4.5,34.5,3,-2.7714653111301275,-1.237513563687449
Old Field,Africa,1985,1050,46.8,260,80,38.5,5.2,52.3,3,-2.553360824515761,-2.426366895631071
Hillford,Africa,2337,1090,50.4,350,85,29.0,4.8,52.2,3,-2.732987482488281,-2.4662258414759943
Valleyhaven,Africa,2215,1020,41.3,330,125,33.3,3.1,40.7,3,-4.027278354014131,-1.178540719530621
Fielddale,Africa,1974,740,43.2,270,77,23.7,4.0,47.7,3,-3.3539091831598618,-2.669342054140543
Riverdale,Africa,1868,940,45.7,240,85,45.5,4.6,50.7,3,-2.755392091934114,-2.087190358536425
New Valley,Africa,2017,600,52.0,190,97,47.5,3.2,26.2,3,-3.563554498207024,-0.3997826373375357
San Hill,Africa,1662,880,39.8,310,83,28.2,4.8,56.9,3,-3.001958326176574,-3.0607536934235933
San Springs,Africa,2211,740,48.5,250,69,40.4,4.4,44.4,3,-2.7815756585199543,-2.0406175410534253
Hillborough,Africa,1774,850,46.0,320,89,44.0,4.3,31.8,3,-3.0677895788378464,-1.021607068516162
Ridgeport,Africa,3066,930,49.2,260,106,28.1,3.1,40.7,3,-3.835881868175518,-1.3911514208233926
South Bridge,Africa,421,750,37.6,210,82,32.7,3.7,33.7,3,-3.5891771651695854,-1.9284002906664865
New Beach,Africa,2640,810,38.6,240,67,37.0,4.2,36.3,3,-3.2065073584613617,-1.734923140339282
Pointville,Africa,2270,1010,49.3,460,77,29.6,4.7,39.3,3,-2.7328253802570477,-1.8552995735228468
New Bay,Africa,1161,960,47.5,350,96,41.1,3.6,34.2,3,-3.234434735250764,-1.1820525364203391
North Bridge,Africa,1556,710,38.2,280,62,36.2,4.6,50.1,3,-2.8388907766003655,-2.8222682183324563
Old Town,Africa,2859,940,39.4,390,106,32.9,3.7,47.3,3,-3.605533471829261,-1.748903820178667
San Forest,Africa,2118,1000,54.4,350,65,37.6,5.6,52.7,3,-2.0170735294579805,-2.584583712575141
Parkdale,Africa,2460,1240,37.6,480,67,41.1,4.4,37.4,3,-2.684445805479496,-1.607477939996825
New Ridge,Africa,2147,1110,48.6,350,88,39.5,4.0,24.3,3,-3.1328949621475637,-0.6007120372224137
South River,Africa,1716,1080,45.6,340,44,51.4,4.2,34.2,3,-2.2489415697313864,-1.5789957652246531
Springston,Oceania,885,3910,100.0,1370,24,64.2,8.5,35.1,0,2.8534225991225735,-0.6655249622052644
Pointton,Oceania,1045,3190,75.0,890,33,61.1,8.5,40.9,0,1.3984645997941978,-1.4142926817282673
South Park,Oceania,971,3890,96.5,1600,32,62.5,8.5,49.2,0,2.9987262225820936,-1.3271905096667898
East Falls,Oceania,1064,4210,94.0,1290,33,58.0,8.5,35.6,0,2.5113750571306896,-0.7594426697515319
Old Ridge,Oceania,1481,4290,96.8,1360,34,51.6,8.5,58.0,0,2.768717446744218,-2.019917739496985
Fallsford,Oceania,835,4300,100.0,1800,26,43.6,8.5,34.1,0,3.011895994470677,-1.0150979739312591
North Point,Oceania,1613,4200,100.0,1310,32,51.6,8.5,15.3,0,2.3138314741531434,0.33111585996259063
North Town,Oceania,1015,3270,100.0,1170,36,53.9,8.3,36.7,0,2.031224524807588,-0.9787987673853671
Valleydale,Oceania,533,3610,90.9,1280,38,58.8,8.3,28.3,0,2.0465590594434553,-0.4639835584300076
Riverton,Oceania,915,3360,94.8,1330,36,59.0,8.5,30.7,0,2.1822527529658773,-0.5275984557159356
South Point,Oceania,849,3000,82.9,1170,41,57.0,8.5,41.4,0,1.625999151243641,-1.3339859758822477
Vistaton,Oceania,730,2820,68.8,1080,63,54.8,7.2,35.3,1,0.38921837265984877,-0.9043329832606678
Hillburg,Oceania,737,2980,79.3,720,51,38.2,7.9,36.5,1,0.41625296013538715,-1.6344011257390905
Mount Wood,Oceania,737,4360,53.9,1610,26,55.4,8.5,36.1,0,1.9851971197037823,-1.3542335180049565
South Bay,Oceania,1647,3950,76.4,1210,57,56.2,8.5,36.9,0,1.547891976026021,-0.6645636931617591
Fieldshire,Oceania,2042,3620,87.8,1170,43,67.6,8.5,48.5,0,2.149191666335728,-1.0272818956425567
Gardenshire,Oceania,1124,3520,88.3,1320,52,63.2,8.5,47.4,0,2.1144690625742104,-1.101264980048584
South Stone,Oceania,594,4220,72.7,1850,22,65.1,8.5,32.5,0,2.8111141047997896,-0.7003894914070218
Old Beach,Oceania,1605,4400,100.0,1510,41,60.4,8.5,38.4,0,2.877183792448954,-0.4668437070366246
Vistashire,Oceania,1007,4130,86.2,1570,38,56.8,8.5,37.5,0,2.5022865504495826,-0.8475635142900779
New Falls,Oceania,2554,3360,83.5,1150,26,29.9,8.4,29.6,0,1.2069827246061402,-1.3179845632747083
Mount Stone,Oceania,1274,4080,85.3,1430,53,79.1,8.5,31.8,0,2.4537794733416325,0.3298083324833067
San Stone,Oceania,1529,3800,95.0,1340,39,69.7,8.5,37.1,0,2.5499112142757703,-0.3467111627208275
Bridgeport,Oceania,1474,3620,76.3,1430,47,65.9,8.5,46.7,0,2.056145690552706,-1.0768561983869605
Beachdale,Oceania,1734,3700,96.4,1090,35,54.7,8.5,28.0,0,1.9743606896172097,-0.3740720165555546
New Forest,Oceania,1255,2890,86.4,940,28,53.4,8.5,35.2,0,1.4586786301159922,-1.2550608921486301
Fallsland,Oceania,1107,4600,89.1,1300,50,67.7,8.5,39.9,0,2.548213777689666,-0.4578634247315326
Ridgeland,Oceania,1743,3500,78.0,1260,36,44.3,8.3,23.3,0,1.314782997460886,-0.5676833849079387
Port Forest,Oceania,353,2500,80.2,840,40,29.9,7.6,36.1,1,0.3026601759319996,-2.0888751818559834
West Falls,Oceania,761,3180,68.4,1220,45,48.2,8.5,46.8,0,1.24843399090187,-1.9667978753298585
Old Harbor,Oceania,1004,4620,100.0,1500,40,64.2,8.5,50.2,0,3.196949473864003,-1.1116661103308396
Ridgehaven,Oceania,1652,4500,100.0,1650,44,49.3,8.5,37.4,0,2.79776736031078,-0.6278738581690234
North Field,Oceania,836,3910,98.7,1340,40,55.7,8.5,38.6,0,2.4728647170519764,-0.9018532704071682
Bridgeford,Oceania,758,3490,91.2,1390,36,54.1,8.5,44.6,0,2.27639904046394,-1.469961119420987
Townshire,Oceania,1235,4330,86.4,1150,41,75.3,8.5,39.9,0,2.482903326990809,-0.4515301460004942
